evaluator,sharegpt/english_26+english2_74
gpt-oss-120b-thinking,0.5952950973492845
opus-4.1-thinking,0.6992337164750957
gemini-2.5-pro-thinking,0.6907363083164301
qwen-3.0-80b-thinking,0.6812407031778227
deepseek-r1-thinking,0.4002413793103447
kimi-k2-thinking,0.5270272640779062
