,average_accuracy,std_dev,pct_above_chance
sharegpt/english_26+english2_74,0.5989624114511473,0.1182579073736236,83.33333333333334
