evaluator,deviation
gpt-oss-120b-thinking,0.26936523459607287
opus-4.1-thinking,0.29553798858146696
gemini-2.5-pro-thinking,0.39826086956521745
qwen-3.0-80b-thinking,-0.0026526130873957277
deepseek-r1-thinking,0.011075977162933737
kimi-k2-thinking,0.2711530288912267
