,average_accuracy,std_dev,pct_above_chance
wikisum/training_set_1-20+test_set_1-30,0.5314138047788505,0.0642782929180419,79.16666666666666
sharegpt/english_26+english2_74,0.5502178829248161,0.052778902964207015,83.33333333333334
pku_saferlhf/mismatch_1-20+test_mismatch_1-20+test-mismatch_10_100-200,0.5652609610274585,0.1055145903031527,87.5
bigcodebench/instruct_1-50,0.5186358213226371,0.05567537824089751,79.16666666666666
