evaluator,gpt-oss-20b-thinking,gpt-oss-120b-thinking,sonnet-3.7-thinking,grok-3-mini-thinking,ll-3.3-70b-dsR1-thinking,qwen-3.0-80b-thinking,qwen-3.0-235b-thinking,deepseek-r1-thinking,kimi-k2-thinking
gpt-oss-20b-thinking,,0.39473684210526316,0.5526315789473685,0.4473684210526316,0.7631578947368421,0.6842105263157895,0.631578947368421,0.631578947368421,0.5
gpt-oss-120b-thinking,0.6216216216216216,,0.5526315789473685,0.5263157894736842,0.8421052631578947,0.8157894736842105,0.7837837837837838,0.8157894736842105,0.5526315789473685
sonnet-3.7-thinking,0.5714285714285714,0.5714285714285714,,0.4473684210526316,0.6176470588235294,0.5588235294117647,0.6842105263157895,0.5882352941176471,0.42105263157894735
grok-3-mini-thinking,0.631578947368421,0.5,0.6052631578947368,,0.9210526315789473,0.7894736842105263,0.6578947368421053,0.8421052631578947,0.5263157894736842
ll-3.3-70b-dsR1-thinking,0.21052631578947367,0.21052631578947367,0.18421052631578946,0.10526315789473684,,0.5,0.10526315789473684,0.21052631578947367,0.13157894736842105
qwen-3.0-80b-thinking,0.3684210526315789,0.23684210526315788,0.3684210526315789,0.2631578947368421,0.5789473684210527,,0.8157894736842105,0.47368421052631576,0.2894736842105263
qwen-3.0-235b-thinking,0.2631578947368421,0.34210526315789475,0.39473684210526316,0.21052631578947367,0.631578947368421,0.6052631578947368,,0.3684210526315789,0.18421052631578946
deepseek-r1-thinking,0.39473684210526316,0.2894736842105263,0.42105263157894735,0.42105263157894735,0.8947368421052632,0.5789473684210527,0.7105263157894737,,0.23684210526315788
kimi-k2-thinking,0.6153846153846154,0.4545454545454546,0.6,0.5185185185185185,0.8709677419354838,0.8387096774193549,0.5945945945945946,0.8148148148148148,
