evaluator,gpt-oss-20b-thinking,gpt-oss-120b-thinking,sonnet-3.7-thinking,grok-3-mini-thinking,ll-3.3-70b-dsR1-thinking,qwen-3.0-80b-thinking,qwen-3.0-235b-thinking,deepseek-r1-thinking,kimi-k2-thinking
gpt-oss-20b-thinking,,-0.22688477951635844,-0.018796992481202923,-0.18421052631578944,0.5526315789473685,0.31578947368421056,0.3684210526315789,0.23684210526315785,-0.11538461538461542
gpt-oss-120b-thinking,0.22688477951635844,,-0.018796992481202923,0.02631578947368418,0.631578947368421,0.5789473684210527,0.441678520625889,0.5263157894736842,0.09808612440191389
sonnet-3.7-thinking,0.018796992481202923,0.018796992481202923,,-0.15789473684210525,0.43343653250773995,0.1904024767801858,0.2894736842105263,0.16718266253869973,-0.17894736842105263
grok-3-mini-thinking,0.18421052631578944,-0.02631578947368418,0.15789473684210525,,0.8157894736842105,0.5263157894736843,0.44736842105263164,0.42105263157894735,0.007797270955165692
ll-3.3-70b-dsR1-thinking,-0.5526315789473685,-0.631578947368421,-0.43343653250773995,-0.8157894736842105,,-0.07894736842105265,-0.5263157894736842,-0.6842105263157895,-0.7393887945670627
qwen-3.0-80b-thinking,-0.31578947368421056,-0.5789473684210527,-0.1904024767801858,-0.5263157894736843,0.07894736842105265,,0.21052631578947367,-0.10526315789473689,-0.5492359932088285
qwen-3.0-235b-thinking,-0.3684210526315789,-0.441678520625889,-0.2894736842105263,-0.44736842105263164,0.5263157894736842,-0.21052631578947367,,-0.34210526315789475,-0.41038406827880514
deepseek-r1-thinking,-0.23684210526315785,-0.5263157894736842,-0.16718266253869973,-0.42105263157894735,0.6842105263157895,0.10526315789473689,0.34210526315789475,,-0.5779727095516569
kimi-k2-thinking,0.11538461538461542,-0.09808612440191389,0.17894736842105263,-0.007797270955165692,0.7393887945670627,0.5492359932088285,0.41038406827880514,0.5779727095516569,
