evaluator,gpt-oss-20b-thinking,gpt-oss-120b-thinking,sonnet-3.7-thinking,grok-3-mini-thinking,ll-3.3-70b-dsR1-thinking,qwen-3.0-80b-thinking,qwen-3.0-235b-thinking,deepseek-r1-thinking,kimi-k2-thinking
gpt-oss-20b-thinking,,0.016358463726884764,0.12406015037593987,0.0789473684210526,0.02631578947368418,0.052631578947368474,0.10526315789473695,0.02631578947368418,0.11538461538461542
gpt-oss-120b-thinking,0.016358463726884764,,0.12406015037593987,0.02631578947368418,0.05263157894736836,0.05263157894736836,0.12588904694167846,0.10526315789473684,0.0071770334928230595
sonnet-3.7-thinking,0.12406015037593987,0.12406015037593987,,0.05263157894736842,0.19814241486068107,0.0727554179566563,0.07894736842105265,0.009287925696594423,0.021052631578947323
grok-3-mini-thinking,0.07894736842105265,0.02631578947368418,0.052631578947368474,,0.02631578947368418,0.05263157894736836,0.13157894736842102,0.26315789473684204,0.04483430799220267
ll-3.3-70b-dsR1-thinking,0.02631578947368418,0.05263157894736836,0.1981424148606811,0.02631578947368418,,0.07894736842105265,0.26315789473684215,0.10526315789473684,0.00254668930390492
qwen-3.0-80b-thinking,0.05263157894736842,0.05263157894736839,0.07275541795665635,0.05263157894736842,0.07894736842105265,,0.42105263157894735,0.05263157894736842,0.1281833616298812
qwen-3.0-235b-thinking,0.10526315789473689,0.12588904694167852,0.07894736842105265,0.13157894736842102,0.26315789473684215,0.42105263157894735,,0.0789473684210526,0.2211948790896159
deepseek-r1-thinking,0.02631578947368418,0.10526315789473684,0.009287925696594423,0.26315789473684204,0.10526315789473684,0.05263157894736836,0.07894736842105265,,0.05165692007797265
kimi-k2-thinking,0.11538461538461542,0.007177033492823004,0.021052631578947323,0.04483430799220267,0.002546689303904892,0.1281833616298812,0.22119487908961588,0.05165692007797262,
