,row_mean,col_mean,difference
grok-3-mini-thinking,0.6842105263157895,0.36744639376218324,0.31676413255360625
gpt-oss-120b-thinking,0.6888335704125177,0.3749572795625427,0.313876290849975
kimi-k2-thinking,0.6634419271516045,0.35526315789473684,0.3081787692568677
gpt-oss-20b-thinking,0.575657894736842,0.4596069826332984,0.11605091210354362
sonnet-3.7-thinking,0.5575243255196816,0.4598684210526316,0.09765590446704997
deepseek-r1-thinking,0.4934210526315789,0.5931444215112945,-0.09972336887971561
qwen-3.0-80b-thinking,0.42434210526315796,0.6714021771696794,-0.24706007190652146
qwen-3.0-235b-thinking,0.375,0.6229551920341394,-0.2479551920341394
ll-3.3-70b-dsR1-thinking,0.20723684210526314,0.7650242185159293,-0.5577873764106661
