evaluator,deviation
gpt-oss-120b-thinking,-0.10440965541786656
opus-4.1-thinking,0.3799999999999999
gemini-2.5-pro-thinking,0.4221739130434783
qwen-3.0-80b-thinking,0.3913043478260869
deepseek-r1-thinking,0.26086956521739135
kimi-k2-thinking,0.35830839640908285
