evaluator,wikisum/training_set_1-20+test_set_1-30,sharegpt/english_26+english2_74
gpt-oss-120b-thinking,0.7609811396525789,0.6832885665210612
opus-4.1-thinking,0.7107364685004436,0.7400123467677926
gemini-2.5-pro-thinking,0.8007985803016859,0.862333980068789
qwen-3.0-80b-thinking,0.6764362013259767,0.8202344239644883
deepseek-r1-thinking,0.5713984930744589,0.655545909398242
kimi-k2-thinking,0.6282766484845125,0.7337554872604919
