evaluator,wikisum/training_set_1-20+test_set_1-30,sharegpt/english_26+english2_74
gpt-oss-120b-thinking,0.2609811396525788,0.1832885665210611
opus-4.1-thinking,0.2107364685004435,0.2400123467677926
gemini-2.5-pro-thinking,0.3007985803016859,0.362333980068789
qwen-3.0-80b-thinking,0.1764362013259767,0.3202344239644883
deepseek-r1-thinking,0.0713984930744588,0.1555459093982419
kimi-k2-thinking,0.1282766484845124,0.2337554872604919
