,average_accuracy,std_dev,pct_above_chance
sharegpt/english_26+english2_74,0.5672579869086143,0.20605063317011188,44.44444444444444
