evaluator,performance,n_samples
gpt-oss-120b-thinking,0.5701087262214627,11810.0
opus-4.1-thinking,0.6232106706777504,11810.0
gemini-2.5-pro-thinking,0.5621197762049406,11810.0
qwen-3.0-80b-thinking,0.5377790833179985,11810.0
deepseek-r1-thinking,0.5206148672389515,11810.0
kimi-k2-thinking,0.585769931982043,11810.0
