evaluator,wikisum/training_set_1-20+test_set_1-30,sharegpt/english_26+english2_74,pku_saferlhf/mismatch_1-20+test_mismatch_1-20+test-mismatch_10_100-200,bigcodebench/instruct_1-50
gpt-oss-120b-thinking,0.0344713717818327,0.0347915368555344,0.2098616295469841,0.0338252086078172
opus-4.1-thinking,0.16282165039929,0.114864658847047,0.2185834078854673,0.0052173913043478
gemini-2.5-pro-thinking,0.0355969191636104,0.0524775112443778,0.0969565217391305,0.0719894598155468
qwen-3.0-80b-thinking,-0.0070688607471642,0.0565946669546522,0.047858942957911,0.0351322969538069
deepseek-r1-thinking,0.0181958799971222,0.0039720446598059,0.0645652173913043,0.0113360694059497
kimi-k2-thinking,0.0333409699042833,0.0925035481774958,0.1425177492225546,0.0673336708117277
