evaluator,wikisum/training_set_1-20+test_set_1-30,sharegpt/english_26+english2_74,pku_saferlhf/mismatch_1-20+test_mismatch_1-20+test-mismatch_10_100-200,bigcodebench/instruct_1-50
gpt-oss-120b-thinking,0.5344713717818328,0.5347915368555345,0.7098616295469842,0.5338252086078172
opus-4.1-thinking,0.6628216503992901,0.614864658847047,0.7185834078854674,0.5052173913043478
gemini-2.5-pro-thinking,0.5355969191636104,0.5524775112443778,0.5969565217391305,0.5719894598155468
qwen-3.0-80b-thinking,0.4929311392528357,0.5565946669546522,0.547858942957911,0.5351322969538069
deepseek-r1-thinking,0.5181958799971222,0.5039720446598059,0.5645652173913044,0.5113360694059498
kimi-k2-thinking,0.5333409699042834,0.5925035481774958,0.6425177492225547,0.5673336708117277
