evaluator,variance
gpt-oss-120b-thinking,0.007700129599482901
opus-4.1-thinking,0.008212792361243709
gemini-2.5-pro-thinking,0.000696402077088184
qwen-3.0-80b-thinking,0.0007958299840766407
deepseek-r1-thinking,0.0007465494650669295
kimi-k2-thinking,0.0021135726837080188
