evaluator,gpt-oss-20b-thinking,gpt-oss-120b-thinking,sonnet-3.7-thinking,grok-3-mini-thinking,ll-3.3-70b-dsR1-thinking,qwen-3.0-80b-thinking,qwen-3.0-235b-thinking,deepseek-r1-thinking,kimi-k2-thinking
gpt-oss-20b-thinking,,0.06472261735419638,-0.3157894736842107,-0.15789473684210525,-0.36842105263157904,-0.13157894736842102,-0.3421052631578947,-0.21052631578947373,-0.1578947368421053
gpt-oss-120b-thinking,-0.07876447876447878,,-0.42105263157894746,-0.2631578947368421,-0.5718349928876244,-0.2894736842105263,-0.546941678520626,-0.5789473684210527,-0.4736842105263159
sonnet-3.7-thinking,-0.02857142857142858,0.01680672268907568,,-0.26315789473684215,-0.13116057233704292,-0.1764705882352942,-0.5789473684210527,-0.1470588235294118,-0.2894736842105263
grok-3-mini-thinking,0.2894736842105262,0.4736842105263158,0.23684210526315785,,-0.21052631578947356,-0.02631578947368418,-0.10526315789473684,-0.1578947368421052,-0.02631578947368418
ll-3.3-70b-dsR1-thinking,0.47368421052631593,0.5789473684210528,0.26315789473684215,0.3421052631578948,,0.1578947368421053,0.2368421052631579,0.26315789473684215,0.2894736842105263
qwen-3.0-80b-thinking,0.15789473684210525,0.3157894736842107,0.13157894736842107,0.2368421052631579,-0.13157894736842107,,-0.4736842105263158,-0.0789473684210526,0.0789473684210526
qwen-3.0-235b-thinking,0.5789473684210527,0.5789473684210525,0.2368421052631579,0.3684210526315791,0.26315789473684215,0.07894736842105265,,0.2368421052631579,0.2105263157894737
deepseek-r1-thinking,0.31578947368421056,0.4473684210526315,0.18421052631578955,-0.02631578947368418,-0.23684210526315785,0.10526315789473684,-0.368421052631579,,-0.02631578947368421
kimi-k2-thinking,0.24572649572649563,0.5184275184275184,0.3459459459459461,0.18418418418418425,-0.033129904097645935,-0.19982078853046603,0.0,-0.014814814814814725,
