evaluator,gpt-oss-20b-thinking,gpt-oss-120b-thinking,sonnet-3.7-thinking,grok-3-mini-thinking,ll-3.3-70b-dsR1-thinking,qwen-3.0-80b-thinking,deepseek-r1-thinking,kimi-k2-thinking
gpt-oss-20b-thinking,,0.13461538461538464,-0.24999999999999994,-0.1870286576168929,-0.15384615384615385,-0.17307692307692307,-0.23076923076923073,-0.25000000000000006
gpt-oss-120b-thinking,-0.038461538461538436,,-0.4807692307692308,-0.25000000000000006,-0.44230769230769235,-0.4573906485671192,-0.2500000000000001,-0.46153846153846156
sonnet-3.7-thinking,0.1923076923076923,0.3076923076923078,,0.05769230769230771,0.09615384615384626,-0.3416289592760181,0.1346153846153847,-0.4423076923076924
grok-3-mini-thinking,0.28846153846153844,0.326923076923077,-0.019230769230769162,,-0.038461538461538436,-0.07692307692307698,0.0,-0.038461538461538436
ll-3.3-70b-dsR1-thinking,0.3269230769230769,0.6153846153846154,-0.057692307692307654,0.17307692307692302,,0.09615384615384623,0.07692307692307687,0.019230769230769218
qwen-3.0-80b-thinking,0.17307692307692302,0.40384615384615397,-0.09615384615384615,0.21153846153846156,0.03846153846153855,,0.0,-0.07692307692307698
deepseek-r1-thinking,0.3653846153846155,0.46153846153846156,-0.07692307692307687,-0.05769230769230771,-0.11538461538461542,0.057692307692307654,,0.03846153846153849
kimi-k2-thinking,0.36230769230769244,0.4501569858712716,0.1603921568627451,0.10705882352941176,-0.0769230769230771,0.10958296362023068,-0.0476923076923077,
