,gpt-oss-20b-thinking,gpt-oss-120b-thinking,sonnet-3.7-thinking,grok-3-mini-thinking,ll-3.3-70b-dsR1-thinking,qwen-3.0-80b-thinking,deepseek-r1-thinking,kimi-k2-thinking
gpt-oss-20b-thinking,,0.1670684814453125,0.004425048828125,0.03515625,0.076812744140625,0.03515625,0.01181793212890625,0.002349853515625
gpt-oss-120b-thinking,0.7744140625,,8.323556199285598e-06,0.004425048828125,2.2967108733396024e-05,2.2967108733396024e-05,0.010622024536132812,1.3826942406480747e-05
sonnet-3.7-thinking,0.04138946533203125,0.0004024505615234375,,0.548828125,0.359283447265625,7.62939453125e-05,0.24821307898992362,2.2967108733396024e-05
grok-3-mini-thinking,0.000274658203125,0.00048828125,1.0,,0.7265625,0.34375,1.0,0.75390625
ll-3.3-70b-dsR1-thinking,7.62939453125e-05,1.0580771203638761e-07,0.6072387695312499,0.0224609375,,0.266845703125,0.4239501953125,1.0
qwen-3.0-80b-thinking,0.063568115234375,6.334248366623996e-05,0.30175781249999994,0.0192108154296875,0.75390625,,1.0,0.480682373046875
deepseek-r1-thinking,0.0003182171803151057,6.462284982466926e-06,0.480682373046875,0.6072387695312499,0.26317596435546875,0.629058837890625,,0.8145294189453125
kimi-k2-thinking,7.62939453125e-06,2.384185791015625e-07,0.021484375,0.3876953125,0.2890625,0.1795654296875,0.6072387695312499,
