evaluator,gpt-oss-120b-thinking,opus-4.1-thinking,gemini-2.5-pro-thinking,qwen-3.0-80b-thinking,deepseek-r1-thinking,kimi-k2-thinking,gpt-4o-mini,gpt-4.1-mini,gpt-4o,gpt-4.1,haiku-3.5,sonnet-3.7,sonnet-4.5,opus-4.1,gemini-2.0-flash-lite,gemini-2.0-flash,ll-3.1-8b,ll-3.1-70b,ll-3.1-405b,qwen-2.5-7b,qwen-2.5-72b,qwen-3.0-80b,deepseek-3.1,kimi-k2
gpt-oss-120b-thinking,,0.5399999999999999,0.039999999999999925,0.010000000000000009,0.20000000000000007,0.057419354838709746,,,,,,,,,,,,,,,,,,
opus-4.1-thinking,0.5399999999999999,,0.6278787878787878,0.08000000000000007,0.06999999999999995,0.3781720430107527,,,,,,,,,,,,,,,,,,
gemini-2.5-pro-thinking,0.03999999999999998,0.6278787878787878,,0.07999999999999996,0.19000000000000006,0.025882352941176467,,,,,,,,,,,,,,,,,,
qwen-3.0-80b-thinking,0.010000000000000037,0.08000000000000002,0.07999999999999996,,0.26717171717171717,0.1313131313131314,,,,,,,,,,,,,,,,,,
deepseek-r1-thinking,0.20000000000000007,0.06999999999999995,0.19,0.26717171717171717,,0.15297872340425533,,,,,,,,,,,,,,,,,,
kimi-k2-thinking,0.05741935483870969,0.3781720430107527,0.025882352941176467,0.13131313131313138,0.15297872340425533,,,,,,,,,,,,,,,,,,,
