,average_accuracy,std_dev,pct_above_chance
sharegpt/english_26+english2_74,0.5242049786606792,0.04122098175550763,77.77777777777779
