evaluator,wikisum/training_set_1-20+test_set_1-30,sharegpt/english_26+english2_74,pku_saferlhf/mismatch_1-20+test_mismatch_1-20+test-mismatch_10_100-200,bigcodebench/instruct_1-50
gpt-oss-120b-thinking,0.2609811396525788,0.1832885665210611,-0.1044096554178665,0.2693652345960728
opus-4.1-thinking,0.2107364685004435,0.2400123467677926,0.3799999999999999,0.2955379885814669
gemini-2.5-pro-thinking,0.3007985803016859,0.362333980068789,0.4221739130434783,0.3982608695652174
qwen-3.0-80b-thinking,0.1764362013259767,0.3202344239644883,0.3913043478260869,-0.0026526130873957
deepseek-r1-thinking,0.0713984930744588,0.1555459093982419,0.2608695652173913,0.0110759771629337
kimi-k2-thinking,0.1282766484845124,0.2337554872604919,0.3583083964090828,0.2711530288912267
