,average_accuracy,std_dev,pct_above_chance
wikisum/training_set_1-20+test_set_1-30,0.6914379218899427,0.08460769373376338,100.0
sharegpt/english_26+english2_74,0.7491951189968109,0.0790993532041744,100.0
pku_saferlhf/mismatch_1-20+test_mismatch_1-20+test-mismatch_10_100-200,0.7847077611796954,0.1983623265465252,83.33333333333334
bigcodebench/instruct_1-50,0.7071234142849203,0.16417373648885197,83.33333333333334
