evaluator,variance
gpt-oss-120b-thinking,0.03079199918238991
opus-4.1-thinking,0.005542665773435308
gemini-2.5-pro-thinking,0.002788405605571951
qwen-3.0-80b-thinking,0.03028567604070005
deepseek-r1-thinking,0.011748362600596822
kimi-k2-thinking,0.009080175995454878
