evaluator,deviation
gpt-oss-120b-thinking,0.034471371781832794
opus-4.1-thinking,0.16282165039929009
gemini-2.5-pro-thinking,0.03559691916361041
qwen-3.0-80b-thinking,-0.007068860747164285
deepseek-r1-thinking,0.018195879997122244
kimi-k2-thinking,0.03334096990428337
