evaluator,gpt-oss-20b-thinking,gpt-oss-120b-thinking,sonnet-3.7-thinking,grok-3-mini-thinking,ll-3.3-70b-dsR1-thinking,qwen-3.0-80b-thinking,qwen-3.0-235b-thinking,deepseek-r1-thinking,kimi-k2-thinking
gpt-oss-20b-thinking,,0.012179487179487192,0.6749999999999999,0.75,0.475,0.7,0.475,0.575,0.6
gpt-oss-120b-thinking,0.012179487179487247,,0.85,0.475,0.65,0.75,0.65,0.775,0.55
sonnet-3.7-thinking,0.6749999999999999,0.85,,0.35,0.22499999999999998,0.7,0.125,0.44999999999999996,0.525
grok-3-mini-thinking,0.75,0.475,0.35,,0.025000000000000022,0.375,0.125,0.025000000000000022,0.0117647058823529
ll-3.3-70b-dsR1-thinking,0.475,0.65,0.22499999999999998,0.025,,0.2,0.07500000000000001,0.07500000000000001,0.10000000000000003
qwen-3.0-80b-thinking,0.7,0.75,0.7,0.375,0.19999999999999996,,0.02499999999999991,0.15000000000000002,0.30000000000000004
qwen-3.0-235b-thinking,0.475,0.65,0.125,0.125,0.07499999999999996,0.024999999999999967,,0.32500000000000007,0.0052631578947368585
deepseek-r1-thinking,0.575,0.775,0.44999999999999996,0.025000000000000022,0.07499999999999996,0.15000000000000002,0.32500000000000007,,0.0222222222222222
kimi-k2-thinking,0.6,0.55,0.525,0.0117647058823529,0.10000000000000009,0.30000000000000004,0.0052631578947368585,0.022222222222222254,
