evaluator,gpt-oss-20b-thinking,gpt-oss-120b-thinking,sonnet-3.7-thinking,grok-3-mini-thinking,ll-3.3-70b-dsR1-thinking,qwen-3.0-80b-thinking,qwen-3.0-235b-thinking,deepseek-r1-thinking,kimi-k2-thinking
gpt-oss-20b-thinking,,0.8746293123804207,0.01658900337497471,0.0022214337732293643,0.0006795482549932785,0.01658900337497471,1.0,0.42959050784338615,0.26818725105476915
gpt-oss-120b-thinking,0.8746293123804207,,1.8570244719740003e-07,1.0,1.946500560734421e-08,0.0006795482549932785,0.0806904677519924,0.0001821658297558315,0.6358280026288412
sonnet-3.7-thinking,7.457856554538012e-11,1.4933903003111482e-09,,0.0806904677519924,8.364584573428147e-06,0.0022214337732293643,0.6358280026288412,0.006426576095691416,0.0022214337732293643
grok-3-mini-thinking,1.8189894035458565e-12,7.457856554538012e-11,1.8189894035458565e-12,,1.8189894035458565e-12,0.1538599441628321,0.8746293123804207,0.42959050784338615,0.26818725105476915
ll-3.3-70b-dsR1-thinking,0.01658900337497471,0.006426576095691416,0.1538599441628321,7.457856554538012e-11,,0.0001821658297558315,0.0001821658297558315,0.0001821658297558315,4.2277022657799534e-05
qwen-3.0-80b-thinking,1.8189894035458565e-12,7.457856554538012e-11,1.4933903003111482e-09,0.0022214337732293643,1.8189894035458565e-12,,0.01658900337497471,0.0022214337732293643,0.0001821658297558315
qwen-3.0-235b-thinking,7.457856554538012e-11,1.8189894035458565e-12,0.42959050784338615,0.26818725105476915,1.382612026645802e-06,0.03847730828420026,,0.6358280026288412,0.26818725105476915
deepseek-r1-thinking,1.8189894035458565e-12,7.457856554538012e-11,0.006426576095691416,0.26818725105476915,1.382612026645802e-06,0.26818725105476915,0.0006795482549932785,,0.6358280026288412
kimi-k2-thinking,1.8189894035458565e-12,1.8189894035458565e-12,0.0006795482549932785,0.26818725105476915,1.946500560734421e-08,1.0,0.26818725105476915,0.8746293123804207,
