,row_mean,col_mean,difference
qwen-3.0-80b-thinking,0.865625,0.534375,0.33124999999999993
grok-3-mini-thinking,0.7875,0.4733455882352941,0.3141544117647059
kimi-k2-thinking,0.7181007051943584,0.540625,0.1774757051943584
deepseek-r1-thinking,0.7000000000000001,0.5878472222222222,0.11215277777777788
qwen-3.0-235b-thinking,0.6625000000000001,0.5631578947368421,0.09934210526315801
sonnet-3.7-thinking,0.7375,0.75,-0.012499999999999956
gpt-oss-120b-thinking,0.703125,0.8858974358974359,-0.18277243589743586
gpt-oss-20b-thinking,0.6358974358974359,0.896875,-0.2609775641025641
ll-3.3-70b-dsR1-thinking,0.32499999999999996,0.9031250000000001,-0.5781250000000001
