,average_accuracy,std_dev,pct_above_chance
wikisum/training_set_1-20+test_set_1-30,0.5494220318849208,0.1936587774406905,44.44444444444444
sharegpt/english_26+english2_74,0.5680720941800558,0.12670301255546312,72.22222222222221
pku_saferlhf/mismatch_1-20+test_mismatch_1-20+test-mismatch_10_100-200,0.5409655316291472,0.19211242000305978,66.66666666666666
bigcodebench/instruct_1-50,0.5624154863233537,0.10453135938933741,55.55555555555556
