evaluator,gpt-oss-20b-thinking,gpt-oss-120b-thinking,sonnet-3.7-thinking,grok-3-mini-thinking,ll-3.3-70b-dsR1-thinking,qwen-3.0-80b-thinking,deepseek-r1-thinking,kimi-k2-thinking
gpt-oss-20b-thinking,,0.5961538461538461,0.3269230769230769,0.27450980392156865,0.5,0.3076923076923077,0.3076923076923077,0.28846153846153844
gpt-oss-120b-thinking,0.5,,0.15384615384615385,0.2692307692307692,0.21153846153846154,0.21568627450980393,0.36538461538461536,0.1346153846153846
sonnet-3.7-thinking,0.8653846153846154,0.9423076923076923,,0.25,0.6730769230769231,0.23529411764705882,0.6730769230769231,0.23076923076923078
grok-3-mini-thinking,0.9615384615384616,0.9423076923076923,0.8076923076923077,,0.8461538461538461,0.5384615384615384,0.6923076923076923,0.5961538461538461
ll-3.3-70b-dsR1-thinking,0.5961538461538461,0.6923076923076923,0.3269230769230769,0.36538461538461536,,0.3269230769230769,0.34615384615384615,0.2692307692307692
qwen-3.0-80b-thinking,0.8461538461538461,0.9230769230769231,0.7307692307692307,0.7692307692307693,0.9038461538461539,,0.6923076923076923,0.5961538461538461
deepseek-r1-thinking,0.7692307692307693,0.8269230769230769,0.6153846153846154,0.38461538461538464,0.6923076923076923,0.38461538461538464,,0.4230769230769231
kimi-k2-thinking,0.9423076923076923,0.9807692307692307,0.9803921568627451,0.6470588235294118,0.8269230769230769,0.6530612244897959,0.6923076923076923,
