evaluator,gpt-oss-20b-thinking,gpt-oss-120b-thinking,sonnet-3.7-thinking,grok-3-mini-thinking,ll-3.3-70b-dsR1-thinking,qwen-3.0-80b-thinking,deepseek-r1-thinking,kimi-k2-thinking
gpt-oss-20b-thinking,,0.09615384615384615,-0.5384615384615385,-0.6870286576168929,-0.09615384615384615,-0.5384615384615384,-0.46153846153846156,-0.6538461538461539
gpt-oss-120b-thinking,-0.09615384615384615,,-0.7884615384615384,-0.6730769230769231,-0.4807692307692307,-0.7073906485671192,-0.4615384615384615,-0.8461538461538461
sonnet-3.7-thinking,0.5384615384615385,0.7884615384615384,,-0.5576923076923077,0.3461538461538462,-0.4954751131221719,0.05769230769230771,-0.7496229260935143
grok-3-mini-thinking,0.6870286576168929,0.6730769230769231,0.5576923076923077,,0.4807692307692308,-0.23076923076923084,0.30769230769230765,-0.05090497737556565
ll-3.3-70b-dsR1-thinking,0.09615384615384615,0.4807692307692307,-0.3461538461538462,-0.4807692307692308,,-0.5769230769230769,-0.34615384615384615,-0.5576923076923077
qwen-3.0-80b-thinking,0.5384615384615384,0.7073906485671192,0.4954751131221719,0.23076923076923084,0.5769230769230769,,0.30769230769230765,-0.05690737833594972
deepseek-r1-thinking,0.46153846153846156,0.4615384615384615,-0.05769230769230771,-0.30769230769230765,0.34615384615384615,-0.30769230769230765,,-0.2692307692307692
kimi-k2-thinking,0.6538461538461539,0.8461538461538461,0.7496229260935143,0.05090497737556565,0.5576923076923077,0.05690737833594972,0.2692307692307692,
