evaluator,gpt-oss-20b-thinking,gpt-oss-120b-thinking,sonnet-3.7-thinking,grok-3-mini-thinking,ll-3.3-70b-dsR1-thinking,qwen-3.0-80b-thinking,deepseek-r1-thinking,kimi-k2-thinking
gpt-oss-20b-thinking,,0.09615384615384615,0.19230769230769235,0.23604826546003022,0.09615384615384615,0.15384615384615385,0.07692307692307698,0.23076923076923073
gpt-oss-120b-thinking,0.09615384615384615,,0.09615384615384615,0.2115384615384615,0.09615384615384617,0.13876319758672706,0.19230769230769224,0.11538461538461534
sonnet-3.7-thinking,0.1923076923076923,0.09615384615384615,,0.05769230769230771,0.0,0.03393665158371045,0.28846153846153855,0.21116138763197584
grok-3-mini-thinking,0.23604826546003022,0.21153846153846145,0.05769230769230771,,0.21153846153846156,0.3076923076923077,0.07692307692307687,0.24321266968325794
ll-3.3-70b-dsR1-thinking,0.09615384615384615,0.09615384615384615,5.551115123125783e-17,0.2115384615384615,,0.23076923076923078,0.038461538461538436,0.09615384615384609
qwen-3.0-80b-thinking,0.15384615384615385,0.13876319758672706,0.0339366515837104,0.3076923076923077,0.23076923076923073,,0.07692307692307687,0.249215070643642
deepseek-r1-thinking,0.07692307692307698,0.1923076923076923,0.28846153846153855,0.07692307692307693,0.038461538461538436,0.07692307692307693,,0.11538461538461536
kimi-k2-thinking,0.23076923076923073,0.11538461538461531,0.2111613876319759,0.24321266968325794,0.09615384615384603,0.249215070643642,0.11538461538461542,
