evaluator,gpt-oss-20b-thinking,gpt-oss-120b-thinking,sonnet-3.7-thinking,grok-3-mini-thinking,ll-3.3-70b-dsR1-thinking,qwen-3.0-80b-thinking,deepseek-r1-thinking,kimi-k2-thinking
gpt-oss-20b-thinking,,0.21160856876151612,0.017533235299084904,0.0011951203200073481,1.0,0.0077874363057435225,0.0077874363057435225,0.003185253447776759
gpt-oss-120b-thinking,1.0,,4.0393217393130953e-07,0.0011951203200073481,3.5887916129517805e-05,3.5887916129517805e-05,0.07039422106706228,6.973810151578164e-08
sonnet-3.7-thinking,6.973810151578164e-08,1.042677055806962e-11,,0.0004095414537825804,0.017533235299084904,0.0001275387838557407,0.017533235299084904,0.0001275387838557407
grok-3-mini-thinking,6.123990203832363e-13,1.042677055806962e-11,9.063271916964766e-06,,4.0393217393130953e-07,0.6778086391424605,0.0077874363057435225,0.21160856876151612
ll-3.3-70b-dsR1-thinking,0.21160856876151612,0.0077874363057435225,0.017533235299084904,0.07039422106706228,,0.017533235299084904,0.03648340000835981,0.0011951203200073481
qwen-3.0-80b-thinking,4.0393217393130953e-07,1.3065282189472782e-10,0.0011951203200073481,0.0001275387838557407,1.2848229147266466e-09,,0.0077874363057435225,0.21160856876151612
deepseek-r1-thinking,0.0001275387838557407,2.0377698612961126e-06,0.12634707581392135,0.12634707581392135,0.0077874363057435225,0.12634707581392135,,0.3317497633694906
kimi-k2-thinking,1.042677055806962e-11,2.353672812205332e-14,2.353672812205332e-14,0.03648340000835981,2.0377698612961126e-06,0.03648340000835981,0.0077874363057435225,
