,row_mean,col_mean,difference
kimi-k2-thinking,0.8175456995985206,0.3626373626373626,0.454908336961158
qwen-3.0-80b-thinking,0.7802197802197802,0.38024770347699516,0.39997207674278507
grok-3-mini-thinking,0.7692307692307693,0.422861452273217,0.3463693169575523
deepseek-r1-thinking,0.5851648351648352,0.5384615384615384,0.04670329670329676
sonnet-3.7-thinking,0.5528442146089205,0.5631329454858867,-0.010288730876966135
ll-3.3-70b-dsR1-thinking,0.41758241758241754,0.6648351648351648,-0.24725274725274726
gpt-oss-20b-thinking,0.37163326869209223,0.7829670329670331,-0.41133376427494084
gpt-oss-120b-thinking,0.2643288084464555,0.8434065934065933,-0.5790777849601378
