,average_accuracy,std_dev,pct_above_chance
wikisum/training_set_1-20+test_set_1-30,0.5849260043861763,0.18226997333319866,58.333333333333336
sharegpt/english_26+english2_74,0.6133528503842446,0.14015839200886884,79.16666666666666
pku_saferlhf/mismatch_1-20+test_mismatch_1-20+test-mismatch_10_100-200,0.6019010890167843,0.21784581610708473,70.83333333333334
bigcodebench/instruct_1-50,0.5985924683137455,0.1342859530448959,62.5
