evaluator,wikisum/training_set_1-20+test_set_1-30,sharegpt/english_26+english2_74
gpt-oss-120b-thinking,0.7175717744725008,0.5952950973492845
opus-4.1-thinking,0.6326530612244898,0.7586206896551724
gemini-2.5-pro-thinking,0.610204081632653,0.6907363083164301
qwen-3.0-80b-thinking,0.5636323054020006,0.6812407031778227
deepseek-r1-thinking,0.236734693877551,0.4002413793103447
kimi-k2-thinking,0.5292835798512355,0.5270272640779062
