evaluator,gpt-oss-120b-thinking,opus-4.1-thinking,gemini-2.5-pro-thinking,qwen-3.0-80b-thinking,deepseek-r1-thinking,kimi-k2-thinking,gpt-4o-mini,gpt-4.1-mini,gpt-4o,gpt-4.1,haiku-3.5,sonnet-3.7,sonnet-4.5,opus-4.1,gemini-2.0-flash-lite,gemini-2.0-flash,ll-3.1-8b,ll-3.1-70b,ll-3.1-405b,qwen-2.5-7b,qwen-2.5-72b,qwen-3.0-80b,deepseek-3.1,kimi-k2
gpt-oss-120b-thinking,0.16,0.9,0.95,0.8484848484848484,0.9090909090909091,0.91,0.96,0.9,0.92,0.88,0.94,0.87,0.81,0.79,0.91,0.93,0.9595959595959596,0.95,0.93,0.9494949494949495,0.9292929292929293,0.9,0.93,0.9
opus-4.1-thinking,0.99,0.08,0.95,0.83,0.99,0.93,0.94,0.87,0.99,0.94,0.95,0.87,0.93,0.93,0.91,0.89,0.99,0.97,0.94,0.97,0.99,0.89,0.81,0.93
gemini-2.5-pro-thinking,0.01,0.0,1.0,0.05,0.15151515151515152,0.02,0.28,0.03,0.16,0.07,0.09,0.09,0.02,0.04,0.19,0.13,0.57,0.22,0.13,0.45,0.33,0.09,0.06,0.13
qwen-3.0-80b-thinking,0.08771929824561403,0.1,0.17857142857142858,0.82,0.5135135135135135,0.12,0.3076923076923077,0.0851063829787234,0.1176470588235294,0.25,0.1081081081081081,0.2,0.13513513513513514,0.17857142857142858,0.33333333333333326,0.2,0.6764705882352942,0.45714285714285713,0.32,0.641025641025641,0.43478260869565216,0.14285714285714285,0.09523809523809523,0.07317073170731707
deepseek-r1-thinking,0.06451612903225806,0.16216216216216217,0.1081081081081081,0.27941176470588236,0.6744186046511628,0.11688311688311687,0.45714285714285713,0.2898550724637681,0.391304347826087,0.3,0.32894736842105265,0.42105263157894735,0.12941176470588237,0.28169014084507044,0.4516129032258064,0.4666666666666666,0.7763157894736843,0.5,0.417910447761194,0.6714285714285714,0.4411764705882353,0.33333333333333326,0.2459016393442623,0.375
kimi-k2-thinking,0.09523809523809523,0.3975903614457831,0.23214285714285715,0.6071428571428571,0.5079365079365079,0.6666666666666665,0.5441176470588235,0.5,0.3559322033898305,0.4897959183673469,0.36486486486486486,0.4117647058823529,0.3181818181818182,0.3375,0.4918032786885246,0.4444444444444444,0.8,0.49056603773584906,0.6153846153846154,0.7678571428571429,0.5217391304347826,0.4615384615384615,0.5,0.5084745762711864
