evaluator,wikisum/training_set_1-20+test_set_1-30,sharegpt/english_26+english2_74
gpt-oss-120b-thinking,0.2175717744725007,0.0952950973492845
opus-4.1-thinking,0.1326530612244898,0.2586206896551724
gemini-2.5-pro-thinking,0.110204081632653,0.19073630831643
qwen-3.0-80b-thinking,0.0636323054020006,0.1812407031778227
deepseek-r1-thinking,-0.2632653061224489,-0.0997586206896552
kimi-k2-thinking,0.0292835798512355,0.0270272640779062
