,average_accuracy,std_dev,pct_above_chance
wikisum/training_set_1-20+test_set_1-30,0.5483465827434052,0.16569255787600834,83.33333333333334
sharegpt/english_26+english2_74,0.6088602403144935,0.13021005519740966,83.33333333333334
