,average_accuracy,std_dev,pct_above_chance
wikisum/training_set_1-20+test_set_1-30,0.5595644176789941,0.23069043832864444,44.44444444444444
sharegpt/english_26+english2_74,0.5679339239500975,0.20725823641223437,44.44444444444444
pku_saferlhf/mismatch_1-20+test_mismatch_1-20+test-mismatch_10_100-200,0.5529034690799397,0.25130985465078226,66.66666666666666
bigcodebench/instruct_1-50,0.6029557153834494,0.1449754965390423,66.66666666666666
