evaluator,gpt-oss-120b-thinking,opus-4.1-thinking,gemini-2.5-pro-thinking,qwen-3.0-80b-thinking,deepseek-r1-thinking,kimi-k2-thinking,gpt-4o-mini,gpt-4.1-mini,gpt-4o,gpt-4.1,haiku-3.5,sonnet-3.7,sonnet-4.5,opus-4.1,gemini-2.0-flash-lite,gemini-2.0-flash,ll-3.1-8b,ll-3.1-70b,ll-3.1-405b,qwen-2.5-7b,qwen-2.5-72b,qwen-3.0-80b,deepseek-3.1,kimi-k2
gpt-oss-120b-thinking,,0.4137931034482758,0.14764705882352935,0.135,0.029999999999999916,0.01264259549973834,,,,,,,,,,,,,,,,,,
opus-4.1-thinking,0.4137931034482758,,0.5517241379310346,0.6338742393509128,0.48275862068965514,0.3275862068965517,,,,,,,,,,,,,,,,,,
gemini-2.5-pro-thinking,0.14764705882352935,0.5517241379310346,,0.19499999999999995,0.08499999999999996,0.1395945205479453,,,,,,,,,,,,,,,,,,
qwen-3.0-80b-thinking,0.135,0.6338742393509128,0.19499999999999995,,0.01892156862745087,0.145491539081386,,,,,,,,,,,,,,,,,,
deepseek-r1-thinking,0.02999999999999997,0.48275862068965514,0.08499999999999996,0.018921568627450924,,0.006773618538324422,,,,,,,,,,,,,,,,,,
kimi-k2-thinking,0.01264259549973834,0.3275862068965517,0.13959452054794524,0.14549153908138607,0.006773618538324366,,,,,,,,,,,,,,,,,,,
