evaluator,performance,n_samples
gpt-oss-120b-thinking,0.6832885665210612,4458
opus-4.1-thinking,0.7400123467677926,1334
gemini-2.5-pro-thinking,0.862333980068789,4458
qwen-3.0-80b-thinking,0.8202344239644883,4458
deepseek-r1-thinking,0.655545909398242,4458
kimi-k2-thinking,0.7337554872604919,4458
