evaluator,deviation
gpt-oss-120b-thinking,0.18328856652106118
opus-4.1-thinking,0.2400123467677926
gemini-2.5-pro-thinking,0.36233398006878903
qwen-3.0-80b-thinking,0.3202344239644883
deepseek-r1-thinking,0.15554590939824198
kimi-k2-thinking,0.2337554872604919
