evaluator,gpt-oss-20b-thinking,gpt-oss-120b-thinking,sonnet-3.7-thinking,grok-3-mini-thinking,ll-3.3-70b-dsR1-thinking,qwen-3.0-80b-thinking,deepseek-r1-thinking,kimi-k2-thinking
gpt-oss-20b-thinking,,-0.07692307692307687,-0.09615384615384626,-0.21153846153846156,0.38461538461538464,-0.19230769230769235,0.13461538461538458,-0.041538461538461524
gpt-oss-120b-thinking,0.07692307692307687,,0.0,-0.09615384615384615,0.5769230769230769,0.15384615384615385,0.25000000000000006,0.06554160125588693
sonnet-3.7-thinking,0.09615384615384626,0.0,,-0.6346153846153846,0.19230769230769224,-0.25,-0.15384615384615385,-0.14692307692307693
grok-3-mini-thinking,0.21153846153846156,0.09615384615384615,0.6346153846153846,,0.6923076923076923,0.05769230769230771,0.25,0.09461538461538455
ll-3.3-70b-dsR1-thinking,-0.38461538461538464,-0.5769230769230769,-0.19230769230769224,-0.6923076923076923,,-0.6346153846153846,-0.5384615384615385,-0.6538461538461539
qwen-3.0-80b-thinking,0.19230769230769235,-0.15384615384615385,0.25,-0.05769230769230771,0.6346153846153846,,0.36538461538461536,0.12959866220735794
deepseek-r1-thinking,-0.13461538461538458,-0.25000000000000006,0.15384615384615385,-0.25,0.5384615384615385,-0.36538461538461536,,-0.35538461538461535
kimi-k2-thinking,0.041538461538461524,-0.06554160125588693,0.14692307692307693,-0.09461538461538455,0.6538461538461539,-0.12959866220735794,0.35538461538461535,
