evaluator,gpt-oss-20b-thinking,gpt-oss-120b-thinking,sonnet-3.7-thinking,grok-3-mini-thinking,ll-3.3-70b-dsR1-thinking,qwen-3.0-80b-thinking,deepseek-r1-thinking,kimi-k2-thinking
gpt-oss-20b-thinking,,0.0,0.25,0.1346153846153847,0.07692307692307698,0.1538461538461539,0.05769230769230771,0.1184615384615384
gpt-oss-120b-thinking,0.0,,0.26923076923076916,0.1346153846153847,0.2692307692307693,0.1923076923076924,0.019230769230769162,0.12676609105180536
sonnet-3.7-thinking,0.25,0.26923076923076916,,0.01923076923076919,0.03846153846153855,0.40384615384615374,0.23076923076923073,0.4930769230769231
grok-3-mini-thinking,0.1346153846153847,0.1346153846153847,0.019230769230769162,,0.07692307692307687,0.17307692307692313,0.13461538461538458,0.17461538461538462
ll-3.3-70b-dsR1-thinking,0.07692307692307693,0.2692307692307692,0.03846153846153849,0.0769230769230769,,0.0961538461538462,0.07692307692307693,0.15384615384615385
qwen-3.0-80b-thinking,0.15384615384615397,0.1923076923076924,0.40384615384615374,0.17307692307692313,0.09615384615384626,,0.019230769230769162,0.21655518394648832
deepseek-r1-thinking,0.05769230769230771,0.019230769230769218,0.23076923076923073,0.13461538461538458,0.07692307692307687,0.019230769230769218,,0.12461538461538463
kimi-k2-thinking,0.1184615384615384,0.12676609105180536,0.4930769230769231,0.17461538461538462,0.15384615384615385,0.21655518394648832,0.12461538461538457,
