evaluator,gpt-oss-20b-thinking,gpt-oss-120b-thinking,sonnet-3.7-thinking,grok-3-mini-thinking,ll-3.3-70b-dsR1-thinking,qwen-3.0-80b-thinking,deepseek-r1-thinking,kimi-k2-thinking
gpt-oss-20b-thinking,,0.6778086391424605,0.3317497633694906,0.6778086391424605,0.03648340000835981,0.8898839652765371,0.6778086391424605,0.6778086391424605
gpt-oss-120b-thinking,0.6778086391424605,,0.07039422106706228,0.8898839652765371,0.03648340000835981,0.017533235299084904,0.12634707581392135,0.21160856876151612
sonnet-3.7-thinking,0.017533235299084904,0.07039422106706228,,9.063271916964766e-06,0.3317497633694906,0.3317497633694906,0.6778086391424605,0.017533235299084904
grok-3-mini-thinking,0.017533235299084904,0.12634707581392135,2.0377698612961126e-06,,1.0325821975243343e-08,0.12634707581392135,0.0077874363057435225,0.07039422106706228
ll-3.3-70b-dsR1-thinking,0.0011951203200073481,1.3065282189472782e-10,0.12634707581392135,9.063271916964766e-06,,0.0001275387838557407,0.0011951203200073481,0.0004095414537825804
qwen-3.0-80b-thinking,0.017533235299084904,0.8898839652765371,2.0377698612961126e-06,0.48845566937989204,6.973810151578164e-08,,0.0077874363057435225,0.017533235299084904
deepseek-r1-thinking,0.21160856876151612,0.07039422106706228,0.0077874363057435225,0.48845566937989204,9.063271916964766e-06,0.017533235299084904,,0.12634707581392135
kimi-k2-thinking,0.3317497633694906,0.6778086391424605,2.0377698612961126e-06,0.6778086391424605,1.2848229147266466e-09,0.6778086391424605,0.0011951203200073481,
