evaluator,gpt-oss-20b-thinking,gpt-oss-120b-thinking,sonnet-3.7-thinking,grok-3-mini-thinking,ll-3.3-70b-dsR1-thinking,qwen-3.0-80b-thinking,deepseek-r1-thinking,kimi-k2-thinking
gpt-oss-20b-thinking,,0.46153846153846156,0.5769230769230769,0.46153846153846156,0.6538461538461539,0.4807692307692308,0.5384615384615384,0.5384615384615384
gpt-oss-120b-thinking,0.5384615384615384,,0.6346153846153846,0.5192307692307693,0.6538461538461539,0.6730769230769231,0.6153846153846154,0.5961538461538461
sonnet-3.7-thinking,0.6730769230769231,0.6346153846153846,,0.19230769230769232,0.5769230769230769,0.5769230769230769,0.5384615384615384,0.6730769230769231
grok-3-mini-thinking,0.6730769230769231,0.6153846153846154,0.8269230769230769,,0.8846153846153846,0.6153846153846154,0.6923076923076923,0.6346153846153846
ll-3.3-70b-dsR1-thinking,0.2692307692307692,0.07692307692307693,0.38461538461538464,0.19230769230769232,,0.23076923076923078,0.2692307692307692,0.25
qwen-3.0-80b-thinking,0.6730769230769231,0.5192307692307693,0.8269230769230769,0.5576923076923077,0.8653846153846154,,0.6923076923076923,0.6730769230769231
deepseek-r1-thinking,0.40384615384615385,0.36538461538461536,0.6923076923076923,0.4423076923076923,0.8076923076923077,0.3269230769230769,,0.38461538461538464
kimi-k2-thinking,0.58,0.5306122448979592,0.82,0.54,0.9038461538461539,0.5434782608695652,0.74,
