,row_mean,col_mean,difference
grok-3-mini-thinking,0.706043956043956,0.41505494505494506,0.2909890109890109
qwen-3.0-80b-thinking,0.6868131868131869,0.49247491638795987,0.19433827042522706
gpt-oss-120b-thinking,0.6043956043956044,0.45766988113926893,0.14672572325633543
kimi-k2-thinking,0.665419522801954,0.5357142857142857,0.12970523708766835
gpt-oss-20b-thinking,0.5302197802197802,0.5443956043956044,-0.014175824175824192
deepseek-r1-thinking,0.489010989010989,0.5837362637362637,-0.09472527472527476
sonnet-3.7-thinking,0.5521978021978022,0.6803296703296703,-0.12813186813186805
ll-3.3-70b-dsR1-thinking,0.23901098901098902,0.7637362637362638,-0.5247252747252747
