evaluator,gpt-oss-20b-thinking,gpt-oss-120b-thinking,sonnet-3.7-thinking,grok-3-mini-thinking,ll-3.3-70b-dsR1-thinking,qwen-3.0-80b-thinking,qwen-3.0-235b-thinking,deepseek-r1-thinking,kimi-k2-thinking
gpt-oss-20b-thinking,,0.7435897435897436,0.45,0.45,0.55,0.45,0.475,0.325,0.5
gpt-oss-120b-thinking,0.8461538461538461,,0.625,0.55,0.475,0.4,0.55,0.5,0.5897435897435898
sonnet-3.7-thinking,0.5,0.47368421052631576,,0.3,0.4117647058823529,0.39473684210526316,0.45,0.41025641025641024,0.35
grok-3-mini-thinking,0.475,0.5,0.825,,0.65,0.875,0.875,0.85,0.925
ll-3.3-70b-dsR1-thinking,0.475,0.55,0.75,0.65,,0.575,0.675,0.675,0.65
qwen-3.0-80b-thinking,0.5,0.5,0.65,0.775,0.55,,0.625,0.625,0.7
qwen-3.0-235b-thinking,0.5,0.5,0.8,0.725,0.6,0.9,,0.775,0.8
deepseek-r1-thinking,0.55,0.5,0.9,0.975,0.7,0.925,0.875,,0.825
kimi-k2-thinking,0.5,0.525,0.55,0.7,0.55,0.8205128205128205,0.7105263157894737,0.675,
