evaluator,gpt-oss-20b-thinking,gpt-oss-120b-thinking,sonnet-3.7-thinking,grok-3-mini-thinking,ll-3.3-70b-dsR1-thinking,qwen-3.0-80b-thinking,qwen-3.0-235b-thinking,deepseek-r1-thinking,kimi-k2-thinking
gpt-oss-20b-thinking,,0.15384615384615385,0.625,0.775,0.475,0.65,0.775,0.6749999999999999,0.6
gpt-oss-120b-thinking,0.15384615384615385,,0.675,0.9,0.42499999999999993,0.8,0.85,0.85,0.6673076923076923
sonnet-3.7-thinking,0.625,0.675,,0.17500000000000004,0.27051282051282044,0.42499999999999993,0.15000000000000002,0.475,0.24999999999999994
grok-3-mini-thinking,0.775,0.9,0.17500000000000004,,0.0,0.29999999999999993,0.35,0.17500000000000004,0.22499999999999998
ll-3.3-70b-dsR1-thinking,0.475,0.42499999999999993,0.2705128205128205,2.7755575615628914e-17,,0.02499999999999998,0.07500000000000001,0.024999999999999967,0.09999999999999995
qwen-3.0-80b-thinking,0.65,0.8,0.42499999999999993,0.29999999999999993,0.025000000000000022,,0.07499999999999996,0.20000000000000007,0.2897435897435897
qwen-3.0-235b-thinking,0.775,0.85,0.15000000000000002,0.35,0.07500000000000007,0.07499999999999996,,0.0,0.03333333333333338
deepseek-r1-thinking,0.6749999999999999,0.85,0.475,0.17500000000000004,0.02499999999999991,0.2,0.0,,0.29999999999999993
kimi-k2-thinking,0.6,0.6673076923076923,0.25,0.22499999999999998,0.09999999999999998,0.2897435897435897,0.033333333333333326,0.29999999999999993,
