evaluator,gpt-oss-20b-thinking,gpt-oss-120b-thinking,sonnet-3.7-thinking,grok-3-mini-thinking,ll-3.3-70b-dsR1-thinking,qwen-3.0-80b-thinking,qwen-3.0-235b-thinking,deepseek-r1-thinking,kimi-k2-thinking
gpt-oss-20b-thinking,,0.1538599441628321,0.01658900337497471,0.0001821658297558315,0.01658900337497471,0.0806904677519924,0.0006795482549932785,0.006426576095691416,0.26818725105476915
gpt-oss-120b-thinking,0.6358280026288412,,0.03847730828420026,1.8570244719740003e-07,0.006426576095691416,0.0001821658297558315,8.364584573428147e-06,8.364584573428147e-06,0.01658900337497471
sonnet-3.7-thinking,1.946500560734421e-08,1.8189894035458565e-12,,1.0,4.2277022657799534e-05,0.42959050784338615,0.26818725105476915,1.382612026645802e-06,0.01658900337497471
grok-3-mini-thinking,7.457856554538012e-11,1.8189894035458565e-12,0.03847730828420026,,8.364584573428147e-06,0.42959050784338615,0.1538599441628321,0.0806904677519924,0.8746293123804207
ll-3.3-70b-dsR1-thinking,0.0006795482549932785,0.01658900337497471,0.6358280026288412,8.364584573428147e-06,,1.946500560734421e-08,4.2277022657799534e-05,4.2277022657799534e-05,8.364584573428147e-06
qwen-3.0-80b-thinking,1.8189894035458565e-12,1.8189894035458565e-12,8.364584573428147e-06,0.006426576095691416,1.8570244719740003e-07,,0.8746293123804207,0.0006795482549932785,0.01658900337497471
qwen-3.0-235b-thinking,1.8189894035458565e-12,1.8189894035458565e-12,0.6358280026288412,0.006426576095691416,1.8570244719740003e-07,0.26818725105476915,,0.1538599441628321,0.01658900337497471
deepseek-r1-thinking,1.4933903003111482e-09,1.8189894035458565e-12,0.26818725105476915,0.8746293123804207,0.0001821658297558315,0.42959050784338615,0.1538599441628321,,0.8746293123804207
kimi-k2-thinking,1.8189894035458565e-12,7.457856554538012e-11,1.4933903003111482e-09,0.01658900337497471,1.4933903003111482e-09,0.26818725105476915,0.03847730828420026,4.2277022657799534e-05,
