,row_mean,col_mean,difference
kimi-k2-thinking,0.832051282051282,0.46778846153846154,0.36426282051282044
qwen-3.0-80b-thinking,0.8093750000000001,0.5112179487179487,0.2981570512820514
qwen-3.0-235b-thinking,0.6875,0.5739583333333333,0.11354166666666665
grok-3-mini-thinking,0.734375,0.628125,0.10624999999999996
sonnet-3.7-thinking,0.6994391025641026,0.68125,0.018189102564102555
deepseek-r1-thinking,0.64375,0.6875,-0.043749999999999956
gpt-oss-120b-thinking,0.7538461538461538,0.911298076923077,-0.15745192307692313
gpt-oss-20b-thinking,0.6956730769230769,0.8954326923076923,-0.1997596153846154
ll-3.3-70b-dsR1-thinking,0.33125,0.8306891025641026,-0.49943910256410257
