,average_accuracy,std_dev,pct_above_chance
wikisum/training_set_1-20+test_set_1-30,0.5344930627545843,0.0695687175284239,77.77777777777779
sharegpt/english_26+english2_74,0.42777788139279355,0.24030850807800877,72.22222222222221
pku_saferlhf/mismatch_1-20+test_mismatch_1-20+test-mismatch_10_100-200,0.41961094386195597,0.25186396566188674,61.111111111111114
bigcodebench/instruct_1-50,0.42220977354617056,0.2029295522584045,55.55555555555556
