,average_accuracy,std_dev,pct_above_chance
wikisum/training_set_1-20+test_set_1-30,0.5360785008513916,0.06963585884852298,77.77777777777779
sharegpt/english_26+english2_74,0.548253291891888,0.05854793526227481,83.33333333333334
pku_saferlhf/mismatch_1-20+test_mismatch_1-20+test-mismatch_10_100-200,0.5410978864074839,0.10018505287176109,77.77777777777779
bigcodebench/instruct_1-50,0.5159640522875817,0.06596801505529322,72.22222222222221
