,wikisum/training_set_1-20+test_set_1-30,sharegpt/english_26+english2_74,pku_saferlhf/mismatch_1-20+test_mismatch_1-20+test-mismatch_10_100-200,bigcodebench/instruct_1-50
opus-4.1,-0.08738715523249607,-0.0733529882117766,0.0285884605685387,0.024923273657289025
qwen-3.0-80b,-0.018487221194791625,0.017918196366416894,0.04256482531085226,-0.07398535010501661
kimi-k2,-0.023226288246701587,0.05970943053043709,0.0625177492225546,0.09292190610584539
