evaluator,deviation
gpt-oss-120b-thinking,0.20986162954698417
opus-4.1-thinking,0.21858340788546737
gemini-2.5-pro-thinking,0.0969565217391305
qwen-3.0-80b-thinking,0.047858942957911044
deepseek-r1-thinking,0.06456521739130439
kimi-k2-thinking,0.14251774922255467
