,wikisum/training_set_1-20+test_set_1-30,sharegpt/english_26+english2_74,pku_saferlhf/mismatch_1-20+test_mismatch_1-20+test-mismatch_10_100-200,bigcodebench/instruct_1-50
opus-4.1,-0.18854616275397418,-0.07725134131613653,0.055217391304347774,-0.038303084079481464
qwen-3.0-80b,-0.2920642423297465,0.028277902225358087,0.0304347826086957,-0.2356960913482653
kimi-k2,0.0009474559379286651,0.06692345009780065,0.14393827377809065,0.28028346367383544
