evaluator,deviation
gpt-oss-120b-thinking,0.033825208607817236
opus-4.1-thinking,0.00521739130434784
gemini-2.5-pro-thinking,0.07198945981554683
qwen-3.0-80b-thinking,0.03513229695380693
deepseek-r1-thinking,0.011336069405949778
kimi-k2-thinking,0.0673336708117277
