evaluator,wikisum/training_set_1-20+test_set_1-30,sharegpt/english_26+english2_74
gpt-oss-120b-thinking,0.0344713717818327,0.0347915368555344
opus-4.1-thinking,0.16282165039929,0.114864658847047
gemini-2.5-pro-thinking,0.0355969191636104,0.0524775112443778
qwen-3.0-80b-thinking,-0.0070688607471642,0.0565946669546522
deepseek-r1-thinking,0.0181958799971222,0.0039720446598059
kimi-k2-thinking,0.0333409699042833,0.0925035481774958
