evaluator,gpt-oss-120b-thinking,opus-4.1-thinking,gemini-2.5-pro-thinking,qwen-3.0-80b-thinking,deepseek-r1-thinking,kimi-k2-thinking,gpt-4o-mini,gpt-4.1-mini,gpt-4o,gpt-4.1,haiku-3.5,sonnet-3.7,sonnet-4.5,opus-4.1,gemini-2.0-flash-lite,gemini-2.0-flash,ll-3.1-8b,ll-3.1-70b,ll-3.1-405b,qwen-2.5-7b,qwen-2.5-72b,qwen-3.0-80b,deepseek-3.1,kimi-k2
gpt-oss-120b-thinking,,0.27999999999999997,0.57,0.1533333333333333,0.2525641025641025,0.29368421052631577,,,,,,,,,,,,,,,,,,
opus-4.1-thinking,0.28,,0.7999999999999999,0.85,0.52,0.55,,,,,,,,,,,,,,,,,,
gemini-2.5-pro-thinking,0.57,0.7999999999999999,,0.33999999999999997,0.28,0.18736842105263163,,,,,,,,,,,,,,,,,,
qwen-3.0-80b-thinking,0.15333333333333332,0.85,0.33999999999999997,,0.050000000000000044,0.17999999999999994,,,,,,,,,,,,,,,,,,
deepseek-r1-thinking,0.25256410256410255,0.52,0.28,0.050000000000000044,,0.048839406207827174,,,,,,,,,,,,,,,,,,
kimi-k2-thinking,0.29368421052631577,0.55,0.18736842105263163,0.17999999999999994,0.04883940620782712,,,,,,,,,,,,,,,,,,,
