evaluator,gpt-oss-20b-thinking,gpt-oss-120b-thinking,sonnet-3.7-thinking,grok-3-mini-thinking,ll-3.3-70b-dsR1-thinking,qwen-3.0-80b-thinking,qwen-3.0-235b-thinking,deepseek-r1-thinking,kimi-k2-thinking
gpt-oss-20b-thinking,,0.7567567567567568,0.6842105263157895,0.6842105263157895,0.8421052631578947,0.631578947368421,0.7894736842105263,0.7631578947368421,0.8421052631578947
gpt-oss-120b-thinking,0.9428571428571428,,0.631578947368421,0.7631578947368421,0.7567567567567568,0.5526315789473685,0.6842105263157895,0.631578947368421,0.5789473684210527
sonnet-3.7-thinking,0.3076923076923077,0.38461538461538464,,0.38235294117647056,0.5333333333333333,0.46153846153846156,0.4444444444444444,0.45454545454545453,0.5
grok-3-mini-thinking,0.5789473684210527,0.5263157894736842,0.6578947368421053,,0.7368421052631579,0.7368421052631579,0.9473684210526315,0.7631578947368421,1.0
ll-3.3-70b-dsR1-thinking,0.8157894736842105,0.7105263157894737,0.8947368421052632,0.9473684210526315,,0.6842105263157895,0.8421052631578947,0.9210526315789473,0.868421052631579
qwen-3.0-80b-thinking,0.5833333333333334,0.5,0.5135135135135135,0.5555555555555556,0.5428571428571428,,0.47368421052631576,0.5675675675675675,0.5714285714285714
qwen-3.0-235b-thinking,0.6578947368421053,0.5789473684210527,0.868421052631579,0.868421052631579,0.6052631578947368,0.7631578947368421,,0.8421052631578947,0.8947368421052632
deepseek-r1-thinking,0.7368421052631579,0.7631578947368421,0.7894736842105263,0.7894736842105263,0.7894736842105263,0.7105263157894737,0.8421052631578947,,0.7105263157894737
kimi-k2-thinking,0.6111111111111112,0.5405405405405406,0.4864864864864865,0.7027027027027027,0.6216216216216216,0.6944444444444444,0.7297297297297297,0.6285714285714286,
