evaluator,gpt-oss-20b-thinking,gpt-oss-120b-thinking,sonnet-3.7-thinking,grok-3-mini-thinking,ll-3.3-70b-dsR1-thinking,qwen-3.0-80b-thinking,qwen-3.0-235b-thinking,deepseek-r1-thinking,kimi-k2-thinking
gpt-oss-20b-thinking,,-0.08339768339768333,-0.30601503759398496,-0.631578947368421,-0.2894736842105263,0.026315789473684292,-0.5526315789473684,-0.2894736842105263,-0.5190058479532162
gpt-oss-120b-thinking,0.08339768339768333,,-0.45665634674922606,-0.7105263157894737,-0.519203413940256,-0.026315789473684292,-0.6842105263157895,-0.5,-0.8940256045519204
sonnet-3.7-thinking,0.30601503759398496,0.45665634674922606,,-0.6578947368421052,0.03911806543385493,-0.11764705882352944,-0.5263157894736842,-0.1640866873065015,-0.8143669985775249
grok-3-mini-thinking,0.631578947368421,0.7105263157894737,0.6578947368421052,,0.2631578947368421,0.26315789473684215,-0.02631578947368418,0.2894736842105263,-0.20270270270270274
ll-3.3-70b-dsR1-thinking,0.2894736842105263,0.519203413940256,-0.03911806543385493,-0.2631578947368421,,0.21052631578947373,-0.5526315789473684,-0.18421052631578955,-0.4167852062588905
qwen-3.0-80b-thinking,-0.026315789473684292,0.026315789473684292,0.11764705882352944,-0.26315789473684215,-0.21052631578947373,,-0.34210526315789475,-0.2894736842105263,-0.2704678362573099
qwen-3.0-235b-thinking,0.5526315789473684,0.6842105263157895,0.5263157894736842,0.02631578947368418,0.5526315789473684,0.34210526315789475,,0.2631578947368421,-0.19985775248933146
deepseek-r1-thinking,0.2894736842105263,0.5,0.1640866873065015,-0.2894736842105263,0.18421052631578955,0.2894736842105263,-0.2631578947368421,,-0.5894736842105264
kimi-k2-thinking,0.5190058479532162,0.8940256045519204,0.8143669985775249,0.20270270270270274,0.4167852062588905,0.2704678362573099,0.19985775248933146,0.5894736842105264,
