evaluator,gpt-oss-20b-thinking,gpt-oss-120b-thinking,sonnet-3.7-thinking,grok-3-mini-thinking,ll-3.3-70b-dsR1-thinking,qwen-3.0-80b-thinking,qwen-3.0-235b-thinking,deepseek-r1-thinking,kimi-k2-thinking
gpt-oss-20b-thinking,,0.002316602316602301,0.2203007518796993,0.21052631578947367,0.07894736842105265,0.07894736842105265,0.13157894736842102,0.13157894736842102,0.2032163742690059
gpt-oss-120b-thinking,0.0023166023166022454,,0.2801857585139319,0.2368421052631579,0.05974395448079661,0.07894736842105265,0.15789473684210523,0.026315789473684265,0.051920341394025654
sonnet-3.7-thinking,0.22030075187969933,0.2801857585139319,,0.026315789473684154,0.06614509246088185,0.11764705882352944,0.26315789473684215,0.04643962848297212,0.07752489331436699
grok-3-mini-thinking,0.21052631578947367,0.23684210526315785,0.02631578947368418,,0.1578947368421053,0.26315789473684215,0.13157894736842113,0.07894736842105265,0.20270270270270274
ll-3.3-70b-dsR1-thinking,0.07894736842105265,0.05974395448079661,0.0661450924608819,0.15789473684210525,,0.10526315789473695,0.2368421052631579,0.13157894736842107,0.2588904694167852
qwen-3.0-80b-thinking,0.07894736842105265,0.07894736842105265,0.11764705882352944,0.26315789473684215,0.10526315789473689,,0.026315789473684237,0.07894736842105265,0.0073099415204677665
qwen-3.0-235b-thinking,0.13157894736842102,0.1578947368421052,0.26315789473684215,0.13157894736842113,0.23684210526315785,0.02631578947368418,,0.052631578947368474,0.010668563300142209
deepseek-r1-thinking,0.13157894736842102,0.026315789473684292,0.04643962848297212,0.07894736842105265,0.13157894736842102,0.07894736842105265,0.05263157894736842,,0.010526315789473717
kimi-k2-thinking,0.20321637426900585,0.05192034139402568,0.07752489331436696,0.20270270270270274,0.2588904694167852,0.007309941520467822,0.010668563300142209,0.010526315789473717,
