evaluator,gpt-oss-20b-thinking,gpt-oss-120b-thinking,sonnet-3.7-thinking,grok-3-mini-thinking,ll-3.3-70b-dsR1-thinking,qwen-3.0-80b-thinking,qwen-3.0-235b-thinking,deepseek-r1-thinking,kimi-k2-thinking
gpt-oss-20b-thinking,,0.6271025701571489,0.0016580525261815637,0.013852965261321515,0.2558750795433298,0.6271025701571489,0.013852965261321515,0.417692190836533,0.07295138851623051
gpt-oss-120b-thinking,0.6271025701571489,,4.255962267052382e-06,0.0050976432976312935,0.0050976432976312935,0.8714146793645341,0.0016580525261815637,0.0016580525261815637,6.677873898297548e-08
sonnet-3.7-thinking,0.6271025701571489,0.417692190836533,,0.00011616700794547796,0.8714146793645341,0.2558750795433298,6.038535502739251e-07,0.6271025701571489,4.255962267052382e-06
grok-3-mini-thinking,6.677873898297548e-08,2.837623469531536e-10,2.4342560209333897e-05,,0.013852965261321515,0.0016580525261815637,0.6271025701571489,0.03355243967962451,1.0
ll-3.3-70b-dsR1-thinking,0.03355243967962451,0.0004719867429230362,0.6271025701571489,0.6271025701571489,,0.07295138851623051,0.07295138851623051,0.8714146793645341,0.417692190836533
qwen-3.0-80b-thinking,0.8714146793645341,0.6271025701571489,1.0,1.0,0.6271025701571489,,0.07295138851623051,0.2558750795433298,0.14330665429588407
qwen-3.0-235b-thinking,2.4342560209333897e-05,6.677873898297548e-08,0.14330665429588407,0.417692190836533,6.038535502739251e-07,0.03355243967962451,,0.2558750795433298,0.2558750795433298
deepseek-r1-thinking,0.013852965261321515,0.0050976432976312935,0.2558750795433298,0.2558750795433298,0.07295138851623051,0.03355243967962451,0.07295138851623051,,0.0004719867429230362
kimi-k2-thinking,4.255962267052382e-06,2.837623469531536e-10,5.398760549724102e-09,0.013852965261321515,2.4342560209333897e-05,0.14330665429588407,0.2558750795433298,0.0004719867429230362,
