evaluator,gpt-oss-20b-thinking,gpt-oss-120b-thinking,sonnet-3.7-thinking,grok-3-mini-thinking,ll-3.3-70b-dsR1-thinking,qwen-3.0-80b-thinking,qwen-3.0-235b-thinking,deepseek-r1-thinking,kimi-k2-thinking
gpt-oss-20b-thinking,,0.4594594594594595,0.23684210526315788,0.2894736842105263,0.39473684210526316,0.5526315789473685,0.2894736842105263,0.42105263157894735,0.34210526315789475
gpt-oss-120b-thinking,0.5428571428571428,,0.13157894736842105,0.2631578947368421,0.2702702702702703,0.5263157894736842,0.23684210526315788,0.23684210526315788,0.07894736842105263
sonnet-3.7-thinking,0.5428571428571428,0.5882352941176471,,0.18421052631578946,0.4864864864864865,0.38235294117647056,0.10526315789473684,0.4411764705882353,0.13157894736842105
grok-3-mini-thinking,0.9210526315789473,0.9736842105263158,0.8421052631578947,,0.7105263157894737,0.7631578947368421,0.5526315789473685,0.6842105263157895,0.5
ll-3.3-70b-dsR1-thinking,0.6842105263157895,0.7894736842105263,0.4473684210526316,0.4473684210526316,,0.6578947368421053,0.34210526315789475,0.47368421052631576,0.42105263157894735
qwen-3.0-80b-thinking,0.5263157894736842,0.5526315789473685,0.5,0.5,0.4473684210526316,,0.34210526315789475,0.39473684210526316,0.3684210526315789
qwen-3.0-235b-thinking,0.8421052631578947,0.9210526315789473,0.631578947368421,0.5789473684210527,0.8947368421052632,0.6842105263157895,,0.6052631578947368,0.39473684210526316
deepseek-r1-thinking,0.7105263157894737,0.7368421052631579,0.6052631578947368,0.39473684210526316,0.6578947368421053,0.6842105263157895,0.34210526315789475,,0.21052631578947367
kimi-k2-thinking,0.8611111111111112,0.972972972972973,0.9459459459459459,0.7027027027027027,0.8378378378378378,0.6388888888888888,0.5945945945945946,0.8,
