,row_mean,col_mean,difference
kimi-k2-thinking,0.7942567567567567,0.305921052631579,0.4883357041251777
qwen-3.0-235b-thinking,0.694078947368421,0.3506401137980085,0.3434388335704125
grok-3-mini-thinking,0.743421052631579,0.420074679943101,0.323346372688478
deepseek-r1-thinking,0.5427631578947368,0.5071207430340557,0.03564241486068109
ll-3.3-70b-dsR1-thinking,0.5328947368421053,0.5874822190611665,-0.05458748221906118
qwen-3.0-80b-thinking,0.45394736842105265,0.6112078603371174,-0.15726049191606473
sonnet-3.7-thinking,0.3577701208506162,0.542585348506401,-0.18481522765578484
gpt-oss-20b-thinking,0.37322190611664297,0.7038794903926482,-0.3306575842760052
gpt-oss-120b-thinking,0.2858514529567161,0.7492939921345494,-0.4634425391778333
