evaluator,deviation
gpt-oss-120b-thinking,0.26098113965257885
opus-4.1-thinking,0.21073646850044359
gemini-2.5-pro-thinking,0.30079858030168594
qwen-3.0-80b-thinking,0.1764362013259767
deepseek-r1-thinking,0.07139849307445889
kimi-k2-thinking,0.12827664848451248
