evaluator,gpt-oss-120b-thinking,opus-4.1-thinking,gemini-2.5-pro-thinking,qwen-3.0-80b-thinking,deepseek-r1-thinking,kimi-k2-thinking,gpt-4o-mini,gpt-4.1-mini,gpt-4o,gpt-4.1,haiku-3.5,sonnet-3.7,sonnet-4.5,opus-4.1,gemini-2.0-flash-lite,gemini-2.0-flash,ll-3.1-8b,ll-3.1-70b,ll-3.1-405b,qwen-2.5-7b,qwen-2.5-72b,qwen-3.0-80b,deepseek-3.1,kimi-k2
gpt-oss-120b-thinking,,0.7,0.59,0.83,0.93,0.62,0.9072164948453608,0.76,0.8383838383838383,0.7878787878787878,0.72,0.77,0.72,0.670103092783505,0.75,0.63,0.9292929292929293,0.75,0.8080808080808081,0.9191919191919191,0.8888888888888888,0.6363636363636364,0.75,0.79
opus-4.1-thinking,0.84,,0.7878787878787878,0.74,0.69,0.69,0.95,0.77,0.95,0.8787878787878788,0.77,0.6868686868686867,0.4,0.46464646464646464,0.82,0.83,0.98,0.97,0.9191919191919191,0.96,0.92,0.75,0.63,0.9
gemini-2.5-pro-thinking,0.45,0.84,,0.96,0.88,0.72,0.99,0.97,0.98,0.95,0.91,0.94,0.81,0.72,0.94,0.92,0.99,0.95,0.97,0.98,0.98,0.96,0.9,0.95
qwen-3.0-80b-thinking,0.16,0.34,0.12,,0.7171717171717171,0.18181818181818182,0.71,0.46,0.67,0.32,0.48,0.4,0.36,0.39,0.5,0.52,0.82,0.71,0.64,0.76,0.76,0.44,0.48,0.5
deepseek-r1-thinking,0.27,0.38,0.31,0.55,,0.27,0.69,0.5,0.65,0.4,0.48,0.53,0.43,0.32,0.56,0.5,0.8181818181818182,0.6565656565656566,0.59,0.73,0.7,0.43,0.41,0.58
kimi-k2-thinking,0.3225806451612903,0.6881720430107527,0.3058823529411765,0.9494949494949495,0.8829787234042553,,0.9032258064516128,0.8936170212765957,0.8947368421052632,0.8936170212765957,0.75,0.7708333333333335,0.648936170212766,0.6947368421052631,0.8131868131868132,0.7647058823529411,0.8526315789473684,0.782608695652174,0.7666666666666667,0.9157894736842106,0.8421052631578947,0.7959183673469387,0.7849462365591396,0.8191489361702128
