evaluator,gpt-oss-120b-thinking,opus-4.1-thinking,gemini-2.5-pro-thinking,qwen-3.0-80b-thinking,deepseek-r1-thinking,kimi-k2-thinking,gpt-4o-mini,gpt-4.1-mini,gpt-4o,gpt-4.1,haiku-3.5,sonnet-3.7,sonnet-4.5,opus-4.1,gemini-2.0-flash-lite,gemini-2.0-flash,ll-3.1-8b,ll-3.1-70b,ll-3.1-405b,qwen-2.5-7b,qwen-2.5-72b,qwen-3.0-80b,deepseek-3.1,kimi-k2
gpt-oss-120b-thinking,,0.74,0.81,0.61,0.55,0.82,0.5773195876288659,0.7,0.6464646464646465,0.6868686868686869,0.72,0.73,0.7,0.7319587628865979,0.71,0.77,0.5656565656565656,0.71,0.6767676767676768,0.5656565656565656,0.5959595959595959,0.6868686868686869,0.71,0.65
opus-4.1-thinking,0.5,,0.5050505050505051,0.44,0.35,0.53,0.51,0.45,0.45,0.5050505050505051,0.41,0.5050505050505051,0.46,0.32323232323232326,0.52,0.55,0.52,0.53,0.5353535353535354,0.48,0.52,0.51,0.55,0.44
gemini-2.5-pro-thinking,0.95,0.66,,0.54,0.62,0.76,0.51,0.53,0.52,0.55,0.59,0.56,0.69,0.78,0.56,0.58,0.51,0.55,0.53,0.52,0.52,0.54,0.6,0.55
qwen-3.0-80b-thinking,0.6,0.6,0.52,,0.5555555555555556,0.5050505050505051,0.59,0.52,0.57,0.5,0.64,0.56,0.6,0.67,0.5,0.56,0.56,0.57,0.66,0.62,0.58,0.48,0.46,0.5
deepseek-r1-thinking,0.71,0.64,0.65,0.63,,0.65,0.71,0.66,0.61,0.64,0.6,0.65,0.69,0.7,0.64,0.6,0.5353535353535354,0.6262626262626263,0.61,0.59,0.64,0.69,0.65,0.64
kimi-k2-thinking,0.6989247311827957,0.6129032258064516,0.6823529411764706,0.5151515151515151,0.5212765957446809,,0.5698924731182796,0.574468085106383,0.5473684210526316,0.5531914893617021,0.6413043478260869,0.5833333333333334,0.6808510638297872,0.7052631578947368,0.6373626373626373,0.6235294117647059,0.5684210526315789,0.6195652173913043,0.5888888888888889,0.5368421052631579,0.5263157894736842,0.5612244897959183,0.6021505376344086,0.5425531914893617
