evaluator,gpt-oss-120b-thinking,opus-4.1-thinking,gemini-2.5-pro-thinking,qwen-3.0-80b-thinking,deepseek-r1-thinking,kimi-k2-thinking,gpt-4o-mini,gpt-4.1-mini,gpt-4o,gpt-4.1,haiku-3.5,sonnet-3.7,sonnet-4.5,opus-4.1,gemini-2.0-flash-lite,gemini-2.0-flash,ll-3.1-8b,ll-3.1-70b,ll-3.1-405b,qwen-2.5-7b,qwen-2.5-72b,qwen-3.0-80b,deepseek-3.1,kimi-k2
gpt-oss-120b-thinking,,0.603448275862069,0.59,0.53,0.65,0.6030272108843537,0.6666666666666665,0.6330392156862745,0.7105714285714286,0.585,0.81,0.6595673469387755,0.6937254901960784,0.643231292517007,0.6597241379310345,0.5781372549019608,0.92,0.825,0.84,0.8,0.7256551724137931,0.625,0.6149999999999999,0.748843537414966
opus-4.1-thinking,0.8103448275862069,,0.6206896551724138,0.8448275862068966,0.896551724137931,0.6206896551724138,0.8620689655172413,0.5517241379310345,0.7758620689655172,0.7021636240703178,0.7758620689655172,0.5966869506423259,0.4482758620689655,0.39655172413793105,0.6724137931034483,0.6724137931034483,0.9310344827586207,0.896551724137931,0.896551724137931,0.9127789046653143,0.8275862068965517,0.7758620689655172,0.6551724137931034,0.8776200135226505
gemini-2.5-pro-thinking,0.5576470588235294,0.9310344827586207,,0.58,0.725,0.66,0.99,0.975,0.99,0.94,0.995,0.985,0.865,0.93,0.89,0.725,0.995,0.995,0.995,0.99,0.98,0.69,0.775,0.675
qwen-3.0-80b-thinking,0.605,0.7890466531440162,0.615,,0.7239215686274509,0.6732352941176472,0.9086,0.8539215686274509,0.9142156862745098,0.84,0.9,0.895,0.82,0.7984313725490196,0.855,0.7635294117647059,0.97,0.9595098039215686,0.935,0.9597058823529412,0.9293137254901961,0.6530392156862745,0.8189215686274508,0.685
deepseek-r1-thinking,0.32,0.5862068965517241,0.36,0.295,,0.44,0.795,0.71,0.85,0.675,0.86,0.735,0.625,0.5925490196078431,0.69,0.575,0.975,0.925,0.9037999999999999,0.875,0.82,0.465,0.565,0.44
kimi-k2-thinking,0.40961538461538466,0.7068965517241379,0.47959452054794527,0.47225624496373897,0.5667736185383244,,0.87,0.8,0.8894117647058823,0.7088235294117646,0.9096258503401361,0.8542857142857142,0.7194022988505747,0.725,0.7004482758620689,0.5888611334944936,0.96,0.9488299319727892,0.9447959183673469,0.9443137254901961,0.8943137254901962,0.5477210884353741,0.6141740531829171,0.6212328767123289
