evaluator,gpt-oss-120b-thinking,opus-4.1-thinking,gemini-2.5-pro-thinking,qwen-3.0-80b-thinking,deepseek-r1-thinking,kimi-k2-thinking,gpt-4o-mini,gpt-4.1-mini,gpt-4o,gpt-4.1,haiku-3.5,sonnet-3.7,sonnet-4.5,opus-4.1,gemini-2.0-flash-lite,gemini-2.0-flash,ll-3.1-8b,ll-3.1-70b,ll-3.1-405b,qwen-2.5-7b,qwen-2.5-72b,qwen-3.0-80b,deepseek-3.1,kimi-k2
gpt-oss-120b-thinking,,0.8275862068965517,0.88,0.86,0.76,0.8241206030150754,0.7777777777777778,0.8140703517587939,0.7157360406091371,0.855,0.65,0.817258883248731,0.7889447236180904,0.7638190954773869,0.7969543147208121,0.8542713567839196,0.58,0.665,0.65,0.7,0.7461928934010152,0.795,0.815,0.7386934673366834
opus-4.1-thinking,0.4827586206896552,,0.5689655172413793,0.5172413793103449,0.5689655172413793,0.603448275862069,0.5,0.6379310344827587,0.6206896551724138,0.5964912280701754,0.5517241379310345,0.6140350877192983,0.6724137931034483,0.6206896551724138,0.5862068965517241,0.5862068965517241,0.5344827586206896,0.5344827586206896,0.5,0.5087719298245614,0.603448275862069,0.5517241379310345,0.46551724137931033,0.543859649122807
gemini-2.5-pro-thinking,0.8693467336683417,0.5689655172413793,,0.88,0.755,0.81,0.51,0.525,0.51,0.56,0.505,0.515,0.635,0.56,0.61,0.775,0.505,0.505,0.505,0.5,0.52,0.79,0.725,0.775
qwen-3.0-80b-thinking,0.745,0.6140350877192983,0.755,,0.6984924623115578,0.7487437185929648,0.5505050505050505,0.6030150753768844,0.5477386934673367,0.62,0.55,0.575,0.61,0.6432160804020101,0.625,0.6683417085427136,0.52,0.5175879396984925,0.545,0.542713567839196,0.5527638190954773,0.6934673366834171,0.6080402010050251,0.705
deepseek-r1-thinking,0.74,0.7413793103448276,0.8,0.745,,0.79,0.665,0.71,0.62,0.775,0.62,0.695,0.745,0.795,0.76,0.805,0.525,0.575,0.565,0.605,0.64,0.805,0.825,0.74
kimi-k2-thinking,0.7589743589743589,0.6896551724137931,0.7959183673469388,0.8020304568527918,0.8298969072164949,,0.59,0.65,0.5678391959798995,0.7386934673366834,0.5628140703517588,0.6030150753768844,0.6632653061224489,0.685,0.7563451776649747,0.8282828282828283,0.52,0.5380710659898477,0.5376884422110553,0.5376884422110553,0.5778894472361809,0.7989949748743719,0.8071065989847716,0.7878787878787878
