,average_accuracy,std_dev,pct_above_chance
pku_saferlhf/mismatch_1-20+test_mismatch_1-20+test-mismatch_10_100-200,0.5652609610274585,0.1055145903031527,87.5
bigcodebench/instruct_1-50,0.5186358213226371,0.05567537824089751,79.16666666666666
