evaluator,wikisum/training_set_1-20+test_set_1-30,sharegpt/english_26+english2_74
gpt-oss-120b-thinking,0.0128424342710056,0.0103118930125978
opus-4.1-thinking,0.0979591836734694,0.148843448275862
gemini-2.5-pro-thinking,0.0102868174296745,0.0203965517241379
qwen-3.0-80b-thinking,-0.0241255195322868,0.0264242547071578
deepseek-r1-thinking,-0.010204081632653,-0.0268793103448276
kimi-k2-thinking,0.0057160630999674,0.0474986603130239
