evaluator,deviation
gpt-oss-120b-thinking,0.03479153685553449
opus-4.1-thinking,0.114864658847047
gemini-2.5-pro-thinking,0.05247751124437783
qwen-3.0-80b-thinking,0.056594666954652206
deepseek-r1-thinking,0.00397204465980594
kimi-k2-thinking,0.09250354817749584
