evaluator,gpt-oss-20b-thinking,gpt-oss-120b-thinking,sonnet-3.7-thinking,grok-3-mini-thinking,ll-3.3-70b-dsR1-thinking,qwen-3.0-80b-thinking,qwen-3.0-235b-thinking,deepseek-r1-thinking,kimi-k2-thinking
gpt-oss-20b-thinking,,0.1282051282051283,0.0,0.050000000000000044,-0.07500000000000007,-0.04999999999999993,0.275,0.15000000000000002,0.0
gpt-oss-120b-thinking,0.013461538461538414,,-0.22499999999999998,0.4,-0.20000000000000007,0.025000000000000022,0.19999999999999996,0.04999999999999993,0.14230769230769225
sonnet-3.7-thinking,-0.04999999999999993,0.050000000000000044,,0.15000000000000002,-0.029487179487179493,-0.17500000000000004,0.04999999999999993,0.15000000000000002,-0.45
grok-3-mini-thinking,-0.025000000000000022,0.025000000000000022,-0.32499999999999996,,-0.15000000000000002,-0.050000000000000044,0.09999999999999998,0.07500000000000007,-0.07499999999999996
ll-3.3-70b-dsR1-thinking,0.07500000000000007,-0.025000000000000022,0.07500000000000001,0.125,,-0.125,-0.025000000000000022,-0.025000000000000022,-0.024999999999999994
qwen-3.0-80b-thinking,0.0,0.025000000000000022,-0.09999999999999998,-0.025000000000000022,-0.09999999999999998,,-0.17499999999999993,0.025000000000000022,-0.10000000000000009
qwen-3.0-235b-thinking,0.025000000000000022,0.0,-0.02499999999999991,0.125,0.025000000000000022,0.07500000000000001,,0.07499999999999996,-0.10000000000000003
deepseek-r1-thinking,-0.050000000000000044,0.025000000000000022,-0.125,0.125,-0.07499999999999996,0.024999999999999967,-0.4,,0.024999999999999967
kimi-k2-thinking,0.0,-0.025000000000000022,0.17499999999999993,0.28823529411764703,0.02499999999999991,0.08974358974358976,0.06140350877192979,0.29722222222222217,
