,gpt-oss-20b-thinking,gpt-oss-120b-thinking,sonnet-3.7-thinking,grok-3-mini-thinking,ll-3.3-70b-dsR1-thinking,qwen-3.0-80b-thinking,qwen-3.0-235b-thinking,deepseek-r1-thinking,kimi-k2-thinking
gpt-oss-20b-thinking,,0.2265625,1.0,0.75390625,0.548828125,0.803619384765625,0.02660369873046875,0.237884521484375,1.0
gpt-oss-120b-thinking,1.0,,0.01171875,0.0004024505615234375,0.03857421875,1.0,0.057373046875,0.7744140625,0.1795654296875
sonnet-3.7-thinking,0.625,0.5,,0.237884521484375,1.0,0.21003961563110352,0.7744140625,0.210113525390625,0.0002771615982055664
grok-3-mini-thinking,1.0,1.0,0.000244140625,,0.03125,0.6875,0.21875,0.5078125,0.453125
ll-3.3-70b-dsR1-thinking,0.5078125,1.0,0.5078125,0.0625,,0.1796875,1.0,1.0,1.0
qwen-3.0-80b-thinking,1.0,1.0,0.2890625,1.0,0.125,,0.143463134765625,1.0,0.480682373046875
qwen-3.0-235b-thinking,1.0,1.0,1.0,0.1796875,1.0,0.375,,0.548828125,0.2890625
deepseek-r1-thinking,0.5,1.0,0.1796875,0.0625,0.453125,1.0,3.0517578125e-05,,1.0
kimi-k2-thinking,1.0,1.0,0.0390625,0.03515625,1.0,0.34375,0.75390625,0.00738525390625,
