evaluator,gpt-oss-120b-thinking,opus-4.1-thinking,gemini-2.5-pro-thinking,qwen-3.0-80b-thinking,deepseek-r1-thinking,kimi-k2-thinking,gpt-4o-mini,gpt-4.1-mini,gpt-4o,gpt-4.1,haiku-3.5,sonnet-3.7,sonnet-4.5,opus-4.1,gemini-2.0-flash-lite,gemini-2.0-flash,ll-3.1-8b,ll-3.1-70b,ll-3.1-405b,qwen-2.5-7b,qwen-2.5-72b,qwen-3.0-80b,deepseek-3.1,kimi-k2
gpt-oss-120b-thinking,,0.29,0.58,0.16333333333333336,0.26256410256410256,0.3036842105263158,0.44494720965309204,0.3335897435897436,0.42,0.29315789473684206,0.39256410256410257,0.3021052631578947,0.27,0.34410256410256407,0.7137651821862349,0.4131578947368421,0.6795321637426901,0.5348717948717949,0.5675533428165006,0.40333333333333327,0.53,0.19,0.28,0.3863157894736842
opus-4.1-thinking,0.99,,0.84,0.95,0.85,0.74,0.99,0.95,0.97,0.86,1.0,0.72,0.44,0.47,1.0,0.92,0.99,0.97,0.99,0.99,0.98,0.98,0.72,0.93
gemini-2.5-pro-thinking,0.99,0.96,,0.63,0.81,0.64,1.0,1.0,1.0,0.93,1.0,1.0,0.97,0.98,1.0,0.97,1.0,1.0,0.99,1.0,0.98,0.79,0.93,0.64
qwen-3.0-80b-thinking,0.99,0.9,0.71,,0.79,0.61,0.95,0.98,0.94,0.91,1.0,0.98,0.87,0.9,0.99,0.86,1.0,0.92,0.94,0.95,0.92,0.74,0.92,0.73
deepseek-r1-thinking,0.99,0.67,0.47,0.26,,0.34,0.93,0.91,0.93,0.76,0.99,0.86,0.62,0.69,0.99,0.92,0.99,0.84,0.88,0.92,0.78,0.59,0.77,0.4
kimi-k2-thinking,0.99,0.81,0.5473684210526316,0.57,0.6111605937921728,,0.97,0.98,0.99,0.888974358974359,1.0,0.86,0.75,0.8,0.98,0.8584615384615384,1.0,0.98,0.98,0.98,0.92,0.79,0.8279487179487179,0.6571794871794872
