evaluator,gpt-oss-120b-thinking,opus-4.1-thinking,gemini-2.5-pro-thinking,qwen-3.0-80b-thinking,deepseek-r1-thinking,kimi-k2-thinking,gpt-4o-mini,gpt-4.1-mini,gpt-4o,gpt-4.1,haiku-3.5,sonnet-3.7,sonnet-4.5,opus-4.1,gemini-2.0-flash-lite,gemini-2.0-flash,ll-3.1-8b,ll-3.1-70b,ll-3.1-405b,qwen-2.5-7b,qwen-2.5-72b,qwen-3.0-80b,deepseek-3.1,kimi-k2
gpt-oss-120b-thinking,,0.55,0.68,0.6122448979591837,0.6666666666666666,0.6262626262626263,0.5625,0.6767676767676768,0.68,0.5416666666666666,0.5454545454545454,0.6363636363636364,0.59,0.5858585858585859,0.5612244897959183,0.6161616161616161,0.5494505494505495,0.6262626262626263,0.6526315789473685,0.5454545454545454,0.73,0.57,0.58,0.6224489795918368
opus-4.1-thinking,0.51,,0.6,0.55,0.59,0.66,0.51,0.55,0.53,0.5,0.5,0.68,0.74,0.75,0.5,0.54,0.51,0.53,0.51,0.51,0.5,0.52,0.58,0.53
gemini-2.5-pro-thinking,0.51,0.54,,0.87,0.67,0.84,0.5,0.5,0.5,0.57,0.5,0.5,0.53,0.52,0.5,0.53,0.5,0.5,0.51,0.5,0.52,0.71,0.57,0.84
qwen-3.0-80b-thinking,0.51,0.6,0.77,,0.69,0.85,0.55,0.52,0.56,0.59,0.5,0.52,0.61,0.6,0.51,0.64,0.5,0.58,0.56,0.55,0.58,0.72,0.58,0.73
deepseek-r1-thinking,0.51,0.75,0.81,0.74,,0.82,0.57,0.59,0.57,0.72,0.49,0.6,0.8,0.75,0.51,0.54,0.51,0.66,0.62,0.58,0.72,0.77,0.67,0.74
kimi-k2-thinking,0.51,0.67,0.8947368421052632,0.85,0.8163265306122449,,0.53,0.52,0.51,0.5858585858585859,0.5050505050505051,0.6,0.75,0.66,0.52,0.6464646464646465,0.5,0.52,0.52,0.52,0.58,0.71,0.6666666666666666,0.7878787878787878
