,average_accuracy,std_dev,pct_above_chance
wikisum/training_set_1-20+test_set_1-30,0.5867363587820714,0.19169974380087626,55.55555555555556
sharegpt/english_26+english2_74,0.6016929691847472,0.1521895769251951,66.66666666666666
pku_saferlhf/mismatch_1-20+test_mismatch_1-20+test-mismatch_10_100-200,0.5645566845721643,0.20817952213066163,72.22222222222221
bigcodebench/instruct_1-50,0.5956831756271532,0.11402704191389117,77.77777777777779
