,average_accuracy,std_dev,pct_above_chance
wikisum/training_set_1-20+test_set_1-30,0.521874120512933,0.05603720132462815,88.88888888888889
sharegpt/english_26+english2_74,0.5236159943841446,0.041373870927363755,77.77777777777779
pku_saferlhf/mismatch_1-20+test_mismatch_1-20+test-mismatch_10_100-200,0.5251043237807944,0.13477442758887265,83.33333333333334
bigcodebench/instruct_1-50,0.5316098255791954,0.04058185160922997,72.22222222222221
