,average_accuracy,std_dev,pct_above_chance
wikisum/training_set_1-20+test_set_1-30,0.5154124828848629,0.04280261201558464,66.66666666666666
sharegpt/english_26+english2_74,0.5377659162813252,0.0596590332673164,83.33333333333334
