evaluator,gpt-oss-120b-thinking,opus-4.1-thinking,gemini-2.5-pro-thinking,qwen-3.0-80b-thinking,deepseek-r1-thinking,kimi-k2-thinking,gpt-4o-mini,gpt-4.1-mini,gpt-4o,gpt-4.1,haiku-3.5,sonnet-3.7,sonnet-4.5,opus-4.1,gemini-2.0-flash-lite,gemini-2.0-flash,ll-3.1-8b,ll-3.1-70b,ll-3.1-405b,qwen-2.5-7b,qwen-2.5-72b,qwen-3.0-80b,deepseek-3.1,kimi-k2
gpt-oss-120b-thinking,,0.40816326530612246,0.20408163265306123,0.14296852106821212,0.08163265306122447,0.20308123249299703,,,,,,,,,,,,,,,,,,
opus-4.1-thinking,0.40816326530612246,,0.05102040816326536,0.173469387755102,0.1428571428571428,0.14100185528756948,,,,,,,,,,,,,,,,,,
gemini-2.5-pro-thinking,0.20408163265306123,0.05102040816326542,,0.38684977750498695,0.12244897959183676,0.0030869490653403497,,,,,,,,,,,,,,,,,,
qwen-3.0-80b-thinking,0.14296852106821217,0.173469387755102,0.38684977750498695,,0.08804664723032074,0.006248405035288229,,,,,,,,,,,,,,,,,,
deepseek-r1-thinking,0.08163265306122444,0.14285714285714282,0.12244897959183676,0.0880466472303208,,0.14736506847637013,,,,,,,,,,,,,,,,,,
kimi-k2-thinking,0.2030812324929971,0.14100185528756948,0.0030869490653404053,0.006248405035288229,0.1473650684763701,,,,,,,,,,,,,,,,,,,
