evaluator,sharegpt/english_26+english2_74
gpt-oss-120b-thinking,0.5103118930125978
opus-4.1-thinking,0.648843448275862
gemini-2.5-pro-thinking,0.5203965517241379
qwen-3.0-80b-thinking,0.5264242547071578
deepseek-r1-thinking,0.4731206896551724
kimi-k2-thinking,0.547498660313024
