evaluator,sharegpt/english_26+english2_74
gpt-oss-120b-thinking,0.0103118930125978
opus-4.1-thinking,0.148843448275862
gemini-2.5-pro-thinking,0.0203965517241379
qwen-3.0-80b-thinking,0.0264242547071578
deepseek-r1-thinking,-0.0268793103448276
kimi-k2-thinking,0.0474986603130239
