,average_accuracy,std_dev,pct_above_chance
sharegpt/english_26+english2_74,0.5377659162813252,0.0596590332673164,83.33333333333334
