evaluator,wikisum/training_set_1-20+test_set_1-30,sharegpt/english_26+english2_74
gpt-oss-120b-thinking,0.0344713717818327,0.0336109251453206
opus-4.1-thinking,0.16282165039929,0.114864658847047
gemini-2.5-pro-thinking,0.0355969191636104,0.0543253373313343
qwen-3.0-80b-thinking,-0.0070688607471642,0.0598959917824344
deepseek-r1-thinking,0.0181958799971222,0.0042329483523866
kimi-k2-thinking,0.0333409699042833,0.0954406264037961
