,average_accuracy,std_dev,pct_above_chance
wikisum/training_set_1-20+test_set_1-30,0.5462263217498292,0.059393178304227925,83.33333333333334
sharegpt/english_26+english2_74,0.5603950813103866,0.04025864426458328,100.0
